{
  "DA NANG": {
    "pred_class": 3,
    "prob": [
      0.07027098536491394,
      0.19099247455596924,
      0.32501131296157837,
      0.4137251675128937
    ]
  },
  "HA NOI": {
    "pred_class": 3,
    "prob": [
      0.05208412557840347,
      0.15400606393814087,
      0.3143957853317261,
      0.47951409220695496
    ]
  },
  "HO CHI MINH": {
    "pred_class": 0,
    "prob": [
      0.5212450623512268,
      0.20821411907672882,
      0.14031507074832916,
      0.1302257627248764
    ]
  }
}