{
  "DA NANG": {
    "pred_class": 3,
    "prob": [
      0.02332298830151558,
      0.14850027859210968,
      0.3842354714870453,
      0.44394123554229736
    ]
  },
  "HA NOI": {
    "pred_class": 2,
    "prob": [
      0.0482010655105114,
      0.2302381992340088,
      0.4043623208999634,
      0.3171984553337097
    ]
  },
  "HO CHI MINH": {
    "pred_class": 2,
    "prob": [
      0.06661935150623322,
      0.24887262284755707,
      0.4143671691417694,
      0.2701408267021179
    ]
  }
}

